corpus-id	filename	xmlid	author-name	title	author-birth	author-death	author-gender	author-ids	reference-year	first-edition	digital-edition	print-edition	provenance	title-ids	language	numwords	subgenre	narrative-perspective	size-category	reprint-count	time-slot
ELTeC-fra-ext2	FRA20009_Voisenon_Histoire	FRA20009	NA	Histoire de la Félicité: MiMoText edition	NA	NA	M	viaf:21146;wikidata:Q2976734	1751	1751	NA	1781	NA	bgrf:51.42	fra	10820	NA	NA	short	unspecified	T0
ELTeC-fra-ext2	FRA20012_Crebillon_Conte	FRA20012	Claude Prosper Jolyot de Crébillon	Ah quel conte !: MiMoText edition	1707	1777	M	viaf:24600044;wikidata:Q733161	1751	1751	NA	1779	NA	bgrf:54.13	fra	135187	NA	NA	long	unspecified	T0
ELTeC-fra-ext2	FRA20097_Tiphaigne_Amilec	FRA20097	NA	Amilec, ou la Graine d'Hommes qui sert à peupler les planètes: MiMoText     edition	NA	NA	M	viaf:2477613;wikidata:Q2958069	1753	1753	NA	1754	NA	bgrf:53.33	fra	13080	NA	NA	short	unspecified	T0
ELTeC-fra-ext2	FRA20025_Morelly_Naufrage	FRA20025	NA	Naufrage des Iles Flottantes: MiMoText edition	NA	NA	M	viaf:120700248;wikidata:Q289139	1753	1753	NA	1753	NA	bgrf:53.26 wikidata:Q56391765	fra	86483	NA	NA	medium	unspecified	T0
ELTeC-fra-ext2	FRA20011_Crebillon_Nuit	FRA20011	NA	La Nuit et le moment, ou les Matines de Cythère, dialogue: MiMoText edition	NA	NA	M	viaf:24600044;wikidata:Q733161	1755	1755	NA	1756	NA	bgrf:55.16 wikidata:Q30738391	fra	31179	NA	NA	short	unspecified	T0
ELTeC-fra-ext2	FRA20073_Riccoboni_LettresFanni	FRA20073	NA	Lettres de Fanni Butler à Milord Charles Alfred de Caitombridge: MiMoText edition	NA	NA	F	viaf:41845684;wikidata:Q3087936	1757	1757	NA	1757	NA	bgrf:57.12	fra	31956	NA	NA	short	unspecified	T0
ELTeC-fra-ext2	FRA20072_Riccoboni_Histoire	FRA20072	NA	Histoire du marquis de Cressy: MiMoText edition	NA	NA	F	viaf:1606147270362735700001;wikidata:Q3087936	1758	1758	NA	1814	NA	bgrf:58.17	fra	25958	NA	NA	short	unspecified	T0
ELTeC-fra-ext2	FRA20008_Benouville_Pensees	FRA20008	NA	Les pensées errantes ; avec quelques lettres d'un Indien: MiMoText     edition	NA	NA	F	viaf:315731828;wikidata:	1758	1758	NA	1758	NA	bgrf:58.8	fra	35510	NA	NA	short	unspecified	T0
ELTeC-fra-ext2	FRA20033_Voltaire_Candide	FRA20033	François-Marie Arouet Voltaire	Candide, ou l'Optimisme: MiMoText edition	1694	1778	M	viaf:36925746;wikidata:Q9068	1759	1759	NA	1791	NA	bgrf:59.25 wikidata:Q215894	fra	31921	NA	NA	short	unspecified	T0
ELTeC-fra-ext2	FRA20006_Prevost_Monde	FRA20006	NA	Le monde moral,: ou mémoires pour servir à l'histoire du cœur humain: MiMoText edition	NA	NA	M	viaf:17228264;wikidata:Q311483	1760	1760	NA	1766	NA	bgrf:60.28	fra	147640	NA	NA	long	unspecified	T0
ELTeC-fra-ext2	FRA20010_Sacy_Amours	FRA20010	NA	Les Amours de Mirtil: MiMoText edition	NA	NA	M	viaf:7431477;wikidata:Q1096895	1761	1761	NA	1761	NA	bgrf:61.19	fra	12647	NA	NA	short	unspecified	T0
ELTeC-fra-ext2	FRA20002_Popeliniere_Daira	FRA20002	NA	Daïra. Histoire orientale: MiMoText edition	NA	NA	M	viaf:64023544;wikidata:Q2720200	1761	1761	NA	1761	NA	bgrf:60.21 wikidata:Q28530619	fra	61040	NA	NA	medium	unspecified	T0
ELTeC-fra-ext2	FRA20058_Rousseau_Julie	FRA20058	Jean-Jaques Rousseau	Julie, ou La nouvelle Héloïse: MiMoText edition	1712	1778	M	viaf:100184045;wikidata:Q6527	1761	1761	NA	1774	NA	bgrf:61.18	fra	306149	NA	NA	long	unspecified	T0
ELTeC-fra-ext2	FRA20086_Puget_Periphas	FRA20086	NA	Les aventures de Periphas, descendant de Cécrops: MiMoText edition	NA	NA	M	viaf:14780050;wikidata:	1761	1761	NA	1761	NA	bgrf:61.17	fra	59702	NA	NA	medium	unspecified	T0
ELTeC-fra-ext2	FRA20030_Chevrier_Colporteur	FRA20030	NA	Le Colporteur : histoire morale et critique: MiMoText edition	NA	NA	M	viaf:17232686;wikidata:Q3083281	1761	1761	NA	1761	NA	bgrf:62.11	fra	43857	NA	NA	short	unspecified	T0
ELTeC-fra-ext2	FRA20057_Rousseau_Emile	FRA20057	NA	Émile ou de l'éducation: MiMoText edition	NA	NA	M	viaf:100184045;wikidata:Q6527	1762	1762	NA	1780-1789	NA	bgrf:62.33 wikidata:Q913599	fra	259051	NA	NA	long	unspecified	T0
ELTeC-fra-ext2	FRA20048_Cazotte_Ollivier	FRA20048	NA	Ollivier: MiMoText edition	NA	NA	M	viaf:8698;wikidata:Q425373	1763	1763	NA	1817	NA	bgrf:63.19	fra	58982	NA	NA	medium	unspecified	T0
ELTeC-fra-ext2	FRA20075_Riccoboni_MissJenny	FRA20075	NA	Histoire de Miss Jenny, écrite et envoyée par elle à Miladi, comtesse de Roscomond: MiMoText edition	NA	NA	F	viaf:41845684;wikidata:Q3087936	1764	1764	NA	1818	NA	bgrf:64.39	fra	94338	NA	NA	medium	unspecified	T0
ELTeC-fra-ext2	FRA20037_Arnaud_Fanny	FRA20037	NA	Fanny, histoire anglaise: MiMoText edition	NA	NA	M	viaf:95165197;wikidata:Q548610	1764	1764	NA	1773	NA	bgrf:64.14	fra	17766	NA	NA	short	unspecified	T0
ELTeC-fra-ext2	FRA20090_Nerciat_Aphrodites	FRA20090	NA	Les Aphrodites: MiMoText edition	NA	NA	M	viaf:66471678;wikidata:Q718081	1764	1764	NA	1793	NA	bgrf:93.16 wikidata:Q3230640	fra	101746	NA	NA	long	unspecified	T0
ELTeC-fra-ext2	FRA20098_Tiphaigne_Galligenes	FRA20098	NA	Histoire des Galligènes: MiMoText edition	NA	NA	M	viaf:2477613;wikidata:Q2958070	1765	1765	NA	1765	NA	bgrf:65.50	fra	36394	NA	NA	short	unspecified	T0
ELTeC-fra-ext2	FRA20040_Dulaurens_Imirce	FRA20040	Henri-Joseph Dulaurens	Imirce ou la Fille de nature: MiMoText edition	1719	1793	M	viaf:52123823;wikidata:Q345858	1765	1765	2010	1922	NA	bgrf:65.21	fra	67505	NA	NA	medium	unspecified	T0
ELTeC-fra-ext2	FRA20041_Dulaurens_Compere	FRA20041	Henri-Joseph Dulaurens	Le Compère Mathieu ou les Bigarrures de l'esprit humain: MiMoText edition	1719	1793	M	viaf:52123823;wikidata:Q345858	1766	1766	NA	1831	NA	bgrf:66.21	fra	145307	NA	NA	long	unspecified	T0
ELTeC-fra-ext2	FRA20038_Benoist_Elisabeth	FRA20038	NA	Elisabeth: Roman Par Madame ***: MiMoText edition	NA	NA	F	viaf:61578188;wikidata:Q3086371	1766	1766	NA	1766	NA	bgrf:66.11	fra	77779	NA	NA	medium	unspecified	T0
ELTeC-fra-ext2	FRA20074_Riccoboni_LettresAdelaide	FRA20074	NA	Lettres d'Adelaïde de Dammartin, comtesse de Sancerre, à M. le Comte de Nancé, son ami: MiMoText     edition	NA	NA	F	viaf:41845684;wikidata:﻿Q3087936	1767	1767	NA	1818	NA	bgrf:67.44	fra	49218	NA	NA	short	unspecified	T0
ELTeC-fra-ext2	FRA20055_Marmontel_Belisaire	FRA20055	NA	Bélisaire: MiMoText edition	NA	NA	M	viaf:97393886;wikidata:Q379923	1767	1767	NA	1767	NA	bgrf:67.39 wikidata:Q5005038	fra	43694	NA	NA	short	unspecified	T0
ELTeC-fra-ext2	FRA20035_Arnaud_Clary	FRA20035	NA	Clary ou le retour à la vertu récompensé: MiMoText edition	NA	NA	M	viaf:95165197;wikidata:Q548610	1767	1767	NA	1773	NA	bgrf:67.15	fra	14367	NA	NA	short	unspecified	T0
ELTeC-fra-ext2	FRA20036_Arnaud_Julie	FRA20036	NA	Julie ou l’heureux repentir, anecdote historique par M. d’Arnaud: MiMoText edition	NA	NA	M	viaf:95165197;wikidata:Q548610	1767	1767	NA	1773	NA	bgrf:67.16	fra	17121	NA	NA	short	unspecified	T0
ELTeC-fra-ext2	FRA20068_Beaumont_Clarice	FRA20068	Leprince de Beaumont, Jeanne-Marie	La nouvelle Clarice, histoire véritable : MiMoText edition	1711	1780	F	viaf:31999252;wikidata:Q466788	1767	1767	2013	1767	NA	bgrf:67.36	fra	130313	NA	NA	long	unspecified	T0
ELTeC-fra-ext2	FRA20034_Arnaud_Lucie	FRA20034	NA	Lucie et Mélanie ou les deux sœurs généreuses: MiMoText edition	NA	NA	M	viaf:95165197;wikidata:Q548610	1767	1767	NA	1773	NA	bgrf:67.17	fra	13017	NA	NA	short	unspecified	T0
ELTeC-fra-ext2	FRA20032_Voltaire_Princesse	FRA20032	NA	La Princesse de Babylone: MiMoText edition	NA	NA	M	viaf:36925746;wikidata:Q9068	1768	1768	NA	1877	NA	bgrf:68.56 wikidata:Q3211934	fra	27224	NA	NA	short	unspecified	T0
ELTeC-fra-ext2	FRA20031_Voltaire_Homme	FRA20031	NA	L’Homme aux quarante écus: MiMoText edition	NA	NA	M	viaf:36925746;wikidata:Q9068	1768	1768	NA	1877	NA	bgrf:68.55 wikidata:Q3203608	fra	26582	NA	NA	short	unspecified	T0
ELTeC-fra-ext2	FRA20029_BarbeMarbois_Parisienne	FRA20029	NA	La Parisienne en province, ouvrage national, par M....	NA	NA	M	viaf:9958036;wikidata:Q708732	1769	1769	NA	1769	NA	bgrf:69.14	fra	28964	NA	NA	short	unspecified	T0
ELTeC-fra-ext2	FRA20083_Barthe_Femme	FRA20083	NA	La jolie femme ou la femme du jour	NA	NA	M	viaf:74001996;wikidata:Q3340819	1769	1769	NA	1769	NA	bgrf:69.15	fra	62780	NA	NA	medium	unspecified	T0
ELTeC-fra-ext2	FRA20013_Crebillon_Atheniennes	FRA20013	Claude Prosper Jolyot de Crébillon	Lettres athéniennes extraites du porte-feuille d'Alcibiade: MiMoText edition	1707	1777	M	viaf:24600044;wikidata:Q733161	1771	1771	NA	1771	NA	bgrf:71.23	fra	180995	NA	NA	long	unspecified	T0
ELTeC-fra-ext2	FRA20015_Dorat_Sacrifices	FRA20015	NA	Les Sacrifices de l’amour: MiMoText edition	NA	NA	M	viaf:46760144;wikidata:Q361456	1771	1771	NA	1771	NA	bgrf:71.25	fra	69716	NA	NA	medium	unspecified	T0
ELTeC-fra-ext2	FRA20070_Mercier_An	FRA20070	Louis-Sébastien Mercier	L'An deux mille quatre cent quarante, rêve s'il en fut jamais: MiMoText edition	1740	1814	M	viaf:36921956;wikidata:Q709670	1771	1771	NA	1774	NA	bgrf:71.36 wikidata:Q82530	fra	89260	NA	NA	medium	unspecified	T0
ELTeC-fra-ext2	FRA20047_Cazotte_Diable	FRA20047	NA	Le Diable amoureux: MiMoText edition	NA	NA	M	viaf:8698;wikidata:Q425373	1772	1772	NA	1871	NA	bgrf:72.17 wikidata:Q1994609	fra	42343	NA	NA	short	unspecified	T0
ELTeC-fra-ext2	FRA20014_Dorat_Malheurs	FRA20014	Claude-Joseph Dorat	Les Malheurs de l'inconstance ou Lettres de la marquise de Circé et du comte de Mirbelle: MiMoText edition	1734	1780	M	viaf:46760144;wikidata:Q361456	1772	1772	NA	1775	NA	bgrf:72.19	fra	67933	NA	NA	medium	unspecified	T0
ELTeC-fra-ext2	FRA20084_Gerard_Comte	FRA20084	NA	Le Comte de Valmont ou les égarements de la raison, lettres recueillies et publiées: MiMoText edition	NA	NA	M	viaf:64038625;wikidata:Q60151324	1774	1774	NA	1775	NA	bgrf:74.15	fra	169233	NA	NA	long	unspecified	T0
ELTeC-fra-ext2	FRA20081_Leonard_Clementine	FRA20081	NA	La Nouvelle Clémentine, ou Lettres de Henriette du Berville: MiMoText edition	NA	NA	M	viaf:7485676;wikidata:Q970715	1774	1774	NA	1774	NA	bgrf:74.20	fra	13585	NA	NA	short	unspecified	T0
ELTeC-fra-ext2	FRA20089_Nerciat_Felicia	FRA20089	NA	Félicia ou mes Fredaines: MiMoText edition	NA	NA	M	viaf:66471678;wikidata:Q718081	1775	1775	NA	1778	NA	bgrf:75.37 wikidata:Q20725904	fra	97095	NA	NA	medium	unspecified	T0
ELTeC-fra-ext2	FRA20076_Fourqueux_Zely	FRA20076	NA	Zély: MiMoText edition	NA	NA	F	viaf:302472466;wikidata:Q33141030	1775	1775	NA	1775	NA	bgrf:75.28	fra	21570	NA	NA	short	unspecified	T0
ELTeC-fra-ext2	FRA20078_Retif_Paysan	FRA20078	NA	Le Paysan perverti ou les Dangers de la ville: MiMoText edition	NA	NA	M	viaf:29539705;wikidata:Q732729	1776	1776	NA	1776	NA	bgrf:76.44	fra	227440	NA	NA	long	unspecified	T0
ELTeC-fra-ext2	FRA20071_Mercier_Jezennemours	FRA20071	NA	Jezennemours : roman dramatique: MiMoText edition	NA	NA	M	viaf:36921956;wikidata:Q709670	1776	1776	NA	1776	NA	bgrf:76.36	fra	78687	NA	NA	medium	unspecified	T0
ELTeC-fra-ext2	FRA20056_Marmontel_Incas	FRA20056	NA	Les Incas ou la destruction de l'empire du Pérou: MiMoText edition	NA	NA	M	viaf:7393886;wikidata:Q379923	1777	1777	NA	1777	NA	bgrf:77.50 wikidata:Q106889862	fra	109786	NA	NA	long	unspecified	T0
ELTeC-fra-ext2	FRA20026_Beauharnais_Lettres	FRA20026	NA	Lettres de Stéphanie, roman historique: MiMoText edition	NA	NA	F	viaf:66475912;wikidata:Q446559	1778	1778	NA	1778	NA	bgrf:78.12	fra	130001	NA	NA	long	unspecified	T0
ELTeC-fra-ext2	FRA20005_Anonym_Suzon	FRA20005	NA	Mémoires de Suzon, soeur de Dom Bougre: MiMoText edition	NA	NA	U	viaf:0;wikidata:Q4233718	1778	1778	2021	1778	Wikisource	bgrf:83.9	fra	30309	NA	NA	short	unspecified	T0
ELTeC-fra-ext2	FRA20064_Loaisel_Comtesse	FRA20064	NA	La Comtesse d'Alibre: MiMoText edition	NA	NA	M	viaf:4932831;wikidata:Q56062794	1779	1779	NA	1779	NA	bgrf:79.22	fra	28332	NA	NA	short	unspecified	T0
ELTeC-fra-ext2	FRA20085_Laclos_Liaisons	FRA20085	Pierre Choderlos de Laclos	Les Liaisons dangereuses: MiMoText edition	1741	1803	M	viaf:46758913;wikidata:Q212476	1782	1782	NA	1869	NA	bgrf:82.17 wikidata:Q862050	fra	135186	NA	NA	long	unspecified	T0
ELTeC-fra-ext2	FRA20096_Genlis_Adele	FRA20096	NA	Adèle et Théodore: MiMoText edition	NA	NA	F	viaf:71391471;wikidata:Q55037230	1782	1782	NA	1782	NA	bgrf:82.20	fra	245641	NA	NA	long	unspecified	T0
ELTeC-fra-ext2	FRA20092_Lesuire_Aventurier	FRA20092	NA	L'Aventurier François ou Mémoires de Grégoire Merveil: MiMoText edition	NA	NA	M	viaf:22144831;wikidata:Q3434367	1782	1782	NA	1782	NA	bgrf:82.27	fra	203298	NA	NA	long	unspecified	T0
ELTeC-fra-ext2	FRA20007_Berquin_Enfants	FRA20007	NA	L'ami des Enfants: MiMoText edition	NA	NA	M	viaf:100160188;wikidata:Q350566	1782	1782	NA	1845	NA	bgrf:82.14 wikidata:Q42185919	fra	36273	NA	NA	short	unspecified	T0
ELTeC-fra-ext2	FRA20059_Florian_Galatee	FRA20059	Jean-Pierre Claris de Florian	Galatée: MiMoText edition	1755	1794	M	viaf:24601427;wikidata:Q551740	1783	1783	NA	1812	NA	bgrf:83.26	fra	24397	NA	NA	short	unspecified	T0
ELTeC-fra-ext2	FRA20082_Leonard_Lettres	FRA20082	NA	Lettres de deux amants habitants de Lyon: MiMoText edition	NA	NA	M	viaf:7485676;wikidata:Q970715	1783	1783	NA	1783	NA	bgrf:83.31	fra	60594	NA	NA	medium	unspecified	T0
ELTeC-fra-ext2	FRA20042_Mirabeau_Conversion	FRA20042	NA	Ma Conversion ou le Libertin de qualité: MiMoText edition	NA	NA	M	viaf:92203246;wikidata:Q218747	1783	1783	NA	1801	NA	bgrf:83.40	fra	37127	NA	NA	short	unspecified	T0
ELTeC-fra-ext2	FRA20063_Loaisel_Dolbreuse	FRA20063	NA	Dolbreuse ou l'Homme du siècle ramené à la vérité par le sentiment et la raison: MiMoText edition	NA	NA	M	viaf:4932831;wikidata:Q56062794	1783	1783	NA	1783	NA	bgrf:83.33	fra	66862	NA	NA	medium	unspecified	T0
ELTeC-fra-ext2	FRA20088_Nerciat_Etourdi	FRA20088	NA	L'Étourdi: MiMoText edition	NA	NA	U	viaf:66471678;wikidata:Q718081	1784	1784	NA	1784	NA	bgrf:84.50	fra	46369	NA	NA	short	unspecified	T0
ELTeC-fra-ext2	FRA20004_Merard_Bergeries	FRA20004	Anne-Jeanne-Félicité Mérard de Saint-Just	Bergeries et opuscules de Mlle d'Ormoy l'aînée: MiMoText edition	1765	1830	F	viaf:12299693;wikidata: Q4252921	1784	1784	NA	1784	NA	bgrf:84.43	fra	17423	NA	NA	short	unspecified	T0
ELTeC-fra-ext2	FRA20080_Retif_Paysanne	FRA20080	Nicolas-Edme Rétif de la Bretonne	La paysanne pervertie ou Les dangers de la ville: MiMoText edition	1734	1806	M	viaf:29539705;wikidata:Q732729	1784	1784	NA	1784	NA	bgrf:84.58	fra	189721	NA	NA	long	unspecified	T0
ELTeC-fra-ext2	FRA20067_Lavaux_Eusebe	FRA20067	Laveaux, Jean-Charles	Eusèbe, ou les Beaux profits de la vertu dans le siècle où nous vivons: MiMoText edition	1749	1827	M	viaf:100199021;wikidata:Q649330	1785	1785	2013	1785	NA	bgrf:85.33	fra	34000	NA	NA	short	unspecified	T0
ELTeC-fra-ext2	FRA20027_Doppet_Memoires	FRA20027	François Amédée Doppet	Mémoires de Mme de Warens, suivis de ceux de Claude Anet: MiMoText edition	1753	1799	M	viaf:50008429;wikidata:Q3083791	1786	1786	NA	1786	NA	bgrf:86.32	fra	29729	NA	NA	short	unspecified	T0
ELTeC-fra-ext2	FRA20061_Florian_Numa	FRA20061	Jean-Pierre Claris de Florian	Numa Pompilius: MiMoText edition	1755	1794	M	viaf:24601427;wikidata:Q551740	1786	1786	NA	1786	NA	bgrf:86.34	fra	71336	NA	NA	medium	unspecified	T0
ELTeC-fra-ext2	FRA20043_Mirabeau_Rideau	FRA20043	NA	Le Rideau levé ou l'éducation de Laure: MiMoText edition	NA	NA	M	viaf:92203246;wikidata:Q218747	1786	1786	NA	1921	NA	bgrf:86.51 wikidata:Q19198685	fra	40530	NA	NA	short	unspecified	T0
ELTeC-fra-ext2	FRA20050_Bernardin_Paul	FRA20050	NA	Paul et Virginie: MiMoText edition	NA	NA	M	viaf:9966915;wikidata:Q3261946	1787	1787	NA	1806	NA	bgrf:88.101	fra	60490	NA	NA	medium	unspecified	T0
ELTeC-fra-ext2	FRA20093_Constant_Laure	FRA20093	NA	Laure, ou Lettres de quelques personnes de Suisse: MiMoText edition	NA	NA	M	viaf:95173854;wikidata:Q55229494	1787	1787	NA	1787	NA	bgrf:86.27	fra	259602	NA	NA	long	unspecified	T0
ELTeC-fra-ext2	FRA20053_Louvet_Annee	FRA20053	NA	Une année dans la vie du chevalier de Faublas: MiMoText edition	NA	NA	M	viaf:34459698;wikidata:Q1362457	1787	1787	NA	1960	NA	bgrf:87.56	fra	118821	NA	NA	long	unspecified	T0
ELTeC-fra-ext2	FRA20021_Sade_Infortunes	FRA20021	NA	Les Infortunes de la vertu: MiMoText edition	NA	NA	M	viaf:56615966;wikidata:Q123867	1787	1787	2003	1787	NA	bgrf:1	fra	49370	NA	NA	short	unspecified	T0
ELTeC-fra-ext2	FRA20045_Charriere_Lausanne	FRA20045	NA	Lettres écrites de Lausanne: MiMoText edition	NA	NA	F	viaf:46755588;wikidata:Q123386	1787	1787	NA	1787	NA	bgrf:85.24	fra	49906	NA	NA	short	unspecified	T0
ELTeC-fra-ext2	FRA20099_Beckford_Vathek	FRA20099	NA	Vathek: conte arabe: MiMoText edition	NA	NA	M	viaf:46760144;wikidata:Q361456	1787	1787	NA	1787	NA	bgrf:87.25 wikidata:Q54548	fra	33165	NA	NA	short	unspecified	T0
ELTeC-fra-ext2	FRA20060_Florian_Estelle	FRA20060	Jean-Pierre Claris de Florian	Estelle: MiMoText edition	1755	1794	M	viaf:24601427;wikidata:Q551740	1788	1788	NA	1838	NA	bgrf:88.53	fra	31348	NA	NA	short	unspecified	T0
ELTeC-fra-ext2	FRA20065_Loaisel_Ainsi	FRA20065	NA	Ainsi finissent les grandes passions, ou les Dernières amours du chevalier de ***: MiMoText edition	NA	NA	M	viaf:4932831;wikidata:Q56062794	1788	1788	NA	1788	NA	bgrf:87.54bis	fra	69612	NA	NA	medium	unspecified	T0
ELTeC-fra-ext2	FRA20046_Cazotte_Honneur	FRA20046	NA	L'Honneur perdu et recouvré: MiMoText edition	NA	NA	M	viaf:8698;wikidata:Q425373	1788	1788	NA	1817	NA	bgrf:88.41	fra	14914	NA	NA	short	unspecified	T0
ELTeC-fra-ext2	FRA20003_Segur_Correspondance	FRA20003	NA	Correspondance secrète entre Ninon de Lenclos, le Marquis de Villarceaux et Madame M.: MiMoText     edition	NA	NA	M	viaf:56616313;wikidata:Q321684	1789	1789	NA	1805	NA	bgrf:89.104	fra	89104	NA	NA	medium	unspecified	T0
ELTeC-fra-ext2	FRA20091_Lesuire_Crime	FRA20091	NA	Le crime, ou Lettres originales, contenant les aventures de César de Perlencour: MiMoText edition	NA	NA	M	viaf:22144831;wikidata:Q3434367	1789	1789	NA	1789	NA	bgrf:89.81	fra	163248	NA	NA	long	unspecified	T0
ELTeC-fra-ext2	FRA20052_Louvet_Fin	FRA20052	NA	La Fin des amours de Faublas: MiMoText edition	NA	NA	M	viaf:34459698;wikidata:Q1362457	1790	1790	NA	1884	NA	bgrf:90.47 wikidata:Q91971388	fra	67540	NA	NA	medium	unspecified	T0
ELTeC-fra-ext2	FRA20049_Bernardin_Chaumiere	FRA20049	NA	Chaumière Indienne: MiMoText edition	NA	NA	M	viaf:59088938;wikidata:Q361976	1791	1791	NA	1829	NA	bgrf:91.43 wikidata:Q42187814	fra	13446	NA	NA	short	unspecified	T0
ELTeC-fra-ext2	FRA20022_Sade_Philosophie	FRA20022	NA	La Philosophie dans le boudoir: MiMoText edition	NA	NA	M	viaf:56615966;wikidata:Q123867	1791	1791	NA	1791	NA	bgrf:95.37 wikidata:Q1215417	fra	63119	NA	NA	medium	unspecified	T0
ELTeC-fra-ext2	FRA20054_Gorjy_Voyage	FRA20054	NA	Nouveau voyage sentimental: MiMoText edition	NA	NA	M	viaf:76441933;wikidata:Q15407023	1791	1791	NA	1791	NA	bgrf:84.27	fra	17436	NA	NA	short	unspecified	T0
ELTeC-fra-ext2	FRA20023_Sade_Justine	FRA20023	NA	Justine ou les Malheurs de la vertu: MiMoText edition	NA	NA	M	viaf:56615966;wikidata:Q123867	1791	1791	NA	1791	NA	bgrf:91.42 wikidata:Q1329470	fra	109927	NA	NA	long	unspecified	T0
ELTeC-fra-ext2	FRA20000_Maistre_Voyage	FRA200000	NA	Voyage autour de ma chambre: MiMoText edition	NA	NA	M	viaf:29612438;wikidata:Q2737006	1794	1794	NA	1839	NA	bgrf:94.8 wikidata:Q10392559	fra	18553	NA	NA	short	unspecified	T0
ELTeC-fra-ext2	FRA20001_Souza_Adele	FRA20001	NA	Adèle de Senange: MiMoText edition	NA	NA	F	viaf:14908410;wikidata:Q589562	1794	1794	NA	1821	NA	bgrf:94.13	fra	48709	NA	NA	short	unspecified	T0
ELTeC-fra-ext2	FRA20095_Genlis_Chevaliers	FRA20095	NA	Les Chevaliers du cygne: MiMoText edition	NA	NA	F	viaf:71391471;wikidata:Q55037230	1795	1795	NA	1795	NA	bgrf:95.20	fra	181276	NA	NA	long	unspecified	T0
ELTeC-fra-ext2	FRA20024_Sade_Aline	FRA20024	NA	Aline et Valcour ou le roman philosophique: MiMoText edition	NA	NA	M	viaf:56615966;wikidata:Q123867	1795	1795	NA	1795	NA	bgrf:95.36 wikidata:Q629452	fra	298809	NA	NA	short	unspecified	T0
ELTeC-fra-ext2	FRA20044_Charriere_Femmes	FRA20044	NA	Trois Femmes: MiMoText edition	NA	NA	F	viaf:46760144;wikidata:Q123386	1795	1795	NA	1795	NA	bgrf:96.18	fra	38827	NA	NA	short	unspecified	T0
ELTeC-fra-ext2	FRA20020_Diderot_Jacques	FRA20020	NA	Jacques le fataliste et son maître: MiMoText edition	NA	NA	M	viaf:54146831;wikidata:Q448	1796	1796	2012	1765-1784	NA	bgrf:97.21 wikidata:Q945216	fra	87238	NA	NA	medium	unspecified	T0
ELTeC-fra-ext2	FRA20077_Retif_Sara	FRA20077	NA	Histoire de Sara: MiMoText edition	NA	NA	M	viaf:29539705;wikidata:Q732729	1796	1796	NA	1883	NA	bgrf:83.48	fra	65462	NA	NA	medium	unspecified	T0
ELTeC-fra-ext2	FRA20019_Diderot_Religieuse	FRA20019	NA	La Religieuse: MiMoText edition	NA	NA	M	viaf:54146831;wikidata:Q448	1796	1796	NA	1875	NA	bgrf:97.22 wikidata:Q1209658	fra	78202	NA	NA	medium	unspecified	T0
ELTeC-fra-ext2	FRA20039_Senac_Emigre	FRA20039	NA	L’Émigré: MiMoText edition	NA	NA	M	viaf:95160951;wikidata:Q3093966	1797	1797	NA	1797	NA	bgrf:97.74	fra	132662	NA	NA	long	unspecified	T0
ELTeC-fra-ext2	FRA20062_Fievee_Dot	FRA20062	NA	La Dot de Suzette, ou Histoire de Mme de Senneterre racontée par elle-même: MiMoText edition	NA	NA	M	viaf:12413966;wikidata:Q3184948	1797	1797	NA	1826	NA	bgrf:98.41 wikidata:Q107275176	fra	31132	NA	NA	short	unspecified	T0
ELTeC-fra-ext2	FRA20079_Retif_AntiJustine	FRA20079	Nicolas-Edme Rétif de la Bretonne	L'Anti-Justine: MiMoText edition	1734	1806	M	viaf:29539705;wikidata:Q732729	1798	1798	NA	1798	NA	bgrf:98.84 wikidata:Q3202134	fra	55477	NA	NA	medium	unspecified	T0
ELTeC-fra-ext2	FRA20087_Reveroni_Pauliska	FRA20087	NA	Pauliska ou la Perversité moderne	NA	NA	M	viaf:4935754;wikidata:Q3157878	1798	1798	NA	1798	NA	bgrf:98.85 wikidata:Q3372783	fra	60629	NA	NA	medium	unspecified	T0
ELTeC-fra-ext2	FRA20016_Lagrave_Sophie	FRA20016	Comtesse de Lagrave	Sophie de Beauregard, ou Le véritable amour: MiMoText edition	1770	1820	F	viaf:24641578;wikidata:	1798	1798	NA	1798	NA	bgrf:99.104	fra	53300	NA	NA	medium	unspecified	T0
ELTeC-fra-ext2	FRA20094_Cottin_Claire	FRA20094	NA	Claire d’Albe: MiMoText edition	NA	NA	F	viaf:27159707;wikidata:Q464409	1798	1798	NA	1824	NA	bgrf:99.62 wikidata:Q2975140	fra	39110	NA	NA	short	unspecified	T0
ELTeC-fra-ext2	FRA20028_Ducray_Cinquante	FRA20028	NA	Les Cinquante francs de Jeannette, par le Cen Ducray-Duminil: MiMoText edition	NA	NA	M	viaf:22151844;wikidata:Q2072208	1798	1798	NA	1798	NA	bgrf:99.76	fra	66190	NA	NA	medium	unspecified	T0
ELTeC-fra-ext2	FRA20066_Rosny_Firmin	FRA20066	NA	Firmin ou le Jouet de la fortune: MiMoText edition	NA	NA	M	viaf:5028250;wikidata:Q52149410	1798	1798	NA	1798	NA	bgrf:98.88 wikidata:Q57200464	fra	36592	NA	NA	short	unspecified	T0
ELTeC-fra-ext2	FRA20017_Lagrave_Zabeth	FRA20017	NA	Zabeth, ou la Victime de l'ambition: MiMoText edition	NA	NA	F	viaf:24641578;wikidata:	1798	1798	NA	1798	NA	bgrf:99.105	fra	68088	NA	NA	medium	unspecified	T0
ELTeC-fra-ext2	FRA20069_Bellin_Nuit	FRA20069	NA	La Nuit anglaise	NA	NA	M	viaf:9966915;wikidata:Q3261946	1799	1799	NA	1799	NA	bgrf:99.44	fra	47089	NA	NA	medium	unspecified	T0
ELTeC-fra-ext2	FRA20051_Quesne_Folies	FRA20051	NA	Les folies d’un conscrit	NA	NA	M	viaf:46875425;wikidata:Q3159956	1800	1800	NA	1799	NA	bgrf:00.127	fra	0000	NA	NA	short	unspecified	T0
ELTeC-fra-ext2	FRA20018_Diderot_Neveu	FRA20018	NA	Le Neveu de Rameau: MiMoText edition	NA	NA	M	viaf:54146831;wikidata:Q448	NA	NA	NA	1862	NA	bgrf:1	fra	31383	NA	NA	short	unspecified	T0
